group,name,post,flat,phone,responsibilities
core,P Srujan Reddy,Chairman,D-201,91511 11151,"Procurement, External Affairs, Emergency Issues, Committee Escalation"
core,P Srikanth Reddy,Vice Chairman,E-201,97000 54360,"Security, Office Staff Management, General Administration, Power Management, Adonmo"
core,M Ramesh Kumar,Secretary,D-205,70668 76208,"Correspondence, Data Management, Rules & Regulations, Resident Issues"
core,Putta Damodar,Joint Secretary,D-305,91675 21020,"Data Management, Gido, Finance Assistance"
core,Shiva Kumar Reddy,Treasurer,A-302,97037 70004,"Finance, Accounting and Audit"
core,Jogi Joga Rao,Director,D-405,94357 35076,"Housekeeping & Gardening, HK Material Procurement"
core,M. Vani,Director,A-402,91600 35524,"Society Membership, NBH, Temple Management"
core,Subrajit Nath,Director,F-308,91777 51182,"STP, WTP, Electricity & Power Management"
core,A Vinay Kumar,Director,B-G4,84896 01981,"Gym, Sports, Clubhouse, Amenities"
advisory,Kumar A,,A-G1,88066 67603,
advisory,Krishna Prakash,,B-308,63036 89930,
advisory,Venkateshwar Rao,,A-401,99850 66678,
advisory,Shaji Menon,,D-507,63098 72919,
advisory,Nikhil,,A-405,98487 77708,
extended,Ravinder B,,E-302,91777 62227,
extended,Gajendra B,,B-202,83328 07022,
extended,Prashanth Reddy A,,C-405,94902 17248,
extended,Nivas T,,C-302,94905 13589,
extended,A Kotishwar,,C-204,99599 83567,
extended,Preneeth O,,D-402,90009 22546,
