section,title,keywords,anchor,kind,text
3.1,Security & Main Gate,security gate boom barrier cctv vehicle sticker entry exit visitor gate1 gate2 gate3 gate5,,li,**Gate 1** — Vendors and guest entry.
3.1,,,,li,"**Gate 2** — Residents entry only, with automatic boom barrier."
3.1,,,,li,**Gate 3 and Gate 5** — Exit only.
3.1,,,,li,Gate 2 vehicle access is enabled only after vehicle registration details are submitted at the society office with relevant documentation.
3.1,,,,li,All residents must have the society sticker affixed on their personal vehicles.
3.1,,,,li,CCTV surveillance operates across Shweta Shubham premises.
3.1,,,,li,Cooperate with security personnel during entry and exit checks. Do not misuse entry/exit lanes.
3.1,,,,li,Do not instruct or assign security staff tasks outside their designated duties.
3.1,,,,li,Pre-inform the Security ASO and Maintenance Manager when expecting large gatherings or external visitors.
3.2,Fire & Safety,fire safety extinguisher alarm sprinkler lightning arrester emergency,,li,Fire extinguishers are available on every floor near the lifts.
3.2,,,,li,Fire alarm systems are installed in each block adjacent to the lifts.
3.2,,,,li,Fire-sensitive sprinkler systems are installed in Cellars −1 and −2.
3.2,,,,li,Lightning arresters are installed on the rooftop.
3.2,,,,li,Alarms are strictly for fire or health emergencies. Security at the main gate must be notified of the block where the alarm was triggered.
3.2,,,,note-red,Misuse of fire alarms or extinguishers will attract penalties.
3.3,Power Backup (DG),power backup dg diesel generator outage electricity load,,li,"During a power outage from the electricity department, DG power is supplied to all flats."
3.3,,,,li,"The DG supports essential loads only — up to **2 lights, 2 fans and 1 internet point**, as provisioned by the builder."
3.3,,,,li,Power points supported under DG are as per builder design. Additional load connections are not supported.
3.3,,,,li,DG usage involves fuel costs — please use power judiciously during outages.
4,Sports & Recreation Facilities,gym swimming pool indoor games play area yoga amphitheater sports recreation facilities register,,sub,Common rules for all facilities
4,,,,li,Entry in the register is mandatory before use.
4,,,,li,Personal trainers or external instructors are not allowed at any facility.
4,,,,li,"Return equipment to its designated place; switch off lights, fans and A/C after use."
4,,,,li,Maintain cleanliness and decorum; do not disturb other users.
4,,,,li,Report damaged equipment to the Maintenance Manager.
4,,,,li,Guests are not permitted to use these facilities (excluding Guest Rooms and Club House).
4,,,,sub,Gym
4,,,,li,Age below 14 years is not allowed.
4,,,,li,Do not drop weights or misuse equipment. Limit usage time during peak hours.
4,,,,li,Individual music preferences will not be accommodated on the shared system; keep volume moderate.
4,,,,sub,Swimming Pool
4,,,,li,Non-swimmers must be accompanied by a competent adult; children below 12 must be with a parent or guardian.
4,,,,li,Shower before and after use; use the toilet beforehand. Proper swimming attire (nylon costumes) only; caps recommended.
4,,,,li,"Do not enter with an oiled body or hair, or if suffering from a contagious illness."
4,,,,li,"No diving. No running, pushing or rough play. Use the ladders to enter and exit."
4,,,,li,"No food, beverages, alcohol, smoking or intoxicants in the pool area. Pets and guests are not permitted."
4,,,,li,Carry your own towel and dry yourself; avoid walking through corridors while wet.
4,,,,li,Management is not responsible for accidents or loss of valuables.
4,,,,sub,Indoor Games
4,,,,li,"Handle carrom, table tennis, chess and other equipment with care. Do not rearrange or remove furniture."
4,,,,li,Gambling or betting of any kind is strictly prohibited.
4,,,,li,Share time slots fairly during peak hours.
4,,,,sub,Play Area / Outdoor Sports
4,,,,li,Playing football is not permitted. Hard-ball cricket is strictly prohibited — only soft or rubber balls may be used.
4,,,,li,Children must be accompanied and supervised by a parent or guardian.
4,,,,li,"Adherence to designated timings is mandatory. Do not damage equipment, fixtures or landscaping."
4,,,,sub,Yoga Room & Amphitheater
4,,,,li,Dedicated space for yoga sessions; the amphitheater is available for small gatherings and religious events.
4,,,,li,"Prior written permission from the Maintenance Manager is required, with minimal cleaning charges if applicable."
5,Common Spaces & Building Rules,corridor common area tot lot balcony grill elevation cctv plant pot reception lift parking rooftop cycling skating,,sub,"Corridors, common areas & tot-lots"
5,,,,li,"Cycling, skating and playing with balls are strictly prohibited in corridors, common areas and tot-lots."
5,,,,li,"Scribbling, drawing or defacing walls is prohibited and will attract a fine."
5,,,,li,"Plucking flowers, damaging plants or tampering with landscaping is not permitted."
5,,,,li,"Corridors must be kept clear of personal items — shoes, furniture, cartons or any belongings. Footwear must be arranged neatly and must not obstruct walkways."
5,,,,li,Plant pots in corridors must be within 3 feet of the flat entrance and must not obstruct movement.
5,,,,li,**No plant pots or objects on balcony parapet walls** — this is a serious safety risk and strict action will be taken.
5,,,,li,CCTV cameras for individual flats require prior consent from the opposite flat owner and the society office. Cameras must not capture neighbouring flat interiors or entry areas.
5,,,,li,"Any damage to common property, fixtures or landscaping will be charged to the responsible flat."
5,,,,sub,Reception area
5,,,,li,Seating and waiting area with a television on a dedicated news channel at low audio; may be used occasionally for sports viewing.
5,,,,li,The reception cabin may be used for private meetings after registering details with security.
5,,,,sub,Lifts
5,,,,li,Lifts are available in each block with CCTV monitoring inside. There is no service lift — use lifts responsibly.
5,,,,li,Unpacked materials and heavy items are not allowed; use the stairs for heavy items.
5,,,,li,Children below 8 years must be accompanied by a parent or guardian.
5,,,,li,Do not keep lift doors open unnecessarily. Tampering with or blocking lift cameras is strictly prohibited.
5,,,,note-red,"Lift damage, including scratches or intentional damage, attracts a minimum fine of ₹1,000 against the flat, with the maximum based on the extent of damage."
5,,,,sub,Parking
5,,,,li,Park only within your allotted space and inside the markings. Cycles must be parked in the respective flat parking.
5,,,,li,"No-parking zones must be strictly followed, for both two-wheelers and four-wheelers."
5,,,,li,"Wrongly parked vehicles may be locked and fined per day — **₹200** for two-wheelers, **₹500** for four-wheelers."
5,,,,li,Dumping waste or storing materials in parking areas is not allowed.
5,,,,li,Unused vehicles or cycles should not be parked in common parking areas.
5,,,,li,A designated walking path is marked near the lifts.
5,,,,sub,Rooftop
5,,,,li,Residents are not allowed on rooftops; the Society is not responsible for any incidents.
5,,,,li,Pets are not permitted on rooftops. Wandering or gatherings are not allowed.
5,,,,li,Access requires approval from the Maintenance Manager with a valid reason and entry in the security register.
5,,,,sub,Balcony & elevation
5,,,,li,External grills that alter the building's elevation or extend beyond the designated balcony or utility area are strictly prohibited.
5,,,,li,Existing grills that affect the building's appearance or inconvenience other residents may be required to be removed on receipt of a formal written complaint from the affected flat owner.
6,Bookable Amenities,clubhouse guest room tent house booking amenities,book,sub,Club House
6,,,,li,"Book through the Maintenance Manager or the designated committee member. Allotted on a first-come, first-served basis."
6,,,,li,Morning session 7:00 AM – 3:00 PM; Evening session 4:00 PM – 11:00 PM.
6,,,,sub,Guest Rooms
6,,,,li,"Book through the Maintenance Manager or designated committee member; first-come, first-served."
6,,,,li,Collect the key and A/C remote from the society office and return them after use.
6,,,,li,Check that clean towels and bedsheets are provided.
6,,,,sub,Tent House Items
6,,,,li,Available at reasonable rates. Amount to be paid up front.
6,,,,li,"All items must be cleaned, inspected and handed back to the society office within 24 hours of the event, or as agreed at booking."
6,,,,li,"Any damage, breakage or loss will be charged to the flat at replacement or repair cost."
7,"Residents, Tenants & Visitors",residents tenants visitors guests pets vaccination leash noc resale commercial owner liability,,sub,General guidelines for residents
7,,,,li,Owners must ensure tenants submit required details and sign the society guidelines.
7,,,,li,Owners are liable for any damage caused by their tenants or their authorised vendors. All fines and violation charges against the flat must be borne by the owner or tenant.
7,,,,li,Commercial activities are not allowed.
7,,,,li,Carpentry and in-house works are permitted only between 9:00 AM and 7:00 PM.
7,,,,li,"For resale of a flat, owners must obtain a No Objection Certificate (NOC) from the society office before proceeding."
7,,,,sub,Visitors & guests
7,,,,li,Visitors must follow the entry process at the security gate and use Gate 1.
7,,,,li,Visitors must park only in designated visitor parking and must not occupy resident slots.
7,,,,li,Inform the Security ASO and Maintenance Manager in advance about large gatherings or outside guests.
7,,,,li,"Loud noise, music or gatherings should be avoided after 10:00 PM."
7,,,,li,Any damage to common property by visitors is the responsibility of the respective resident.
7,,,,li,"Guests may not use society facilities, excluding Guest Rooms and the Club House."
7,,,,sub,Pets policy
7,,,,li,Pets must be on a leash and accompanied by the owner at all times; use of a muzzle is mandatory.
7,,,,li,"Owners must ensure pets do not cause disturbance, such as excessive barking."
7,,,,li,A copy of a valid vaccination certificate must be regularly submitted to the society office.
7,,,,li,Pet owners must clean up pet waste in common areas and are responsible for any damage caused by their pets.
7,,,,li,"Pets may not roam freely in corridors or lifts, and are not permitted on rooftops or in the pool area."
7,,,,note-red,"All pet policy violations attract a fine of ₹1,000."
8,Waste Management & Cleanliness,waste management cleanliness dustbin spitting diapers sanitary napkins garbage,,li,Closed-lid dustbins must be used by residents.
8,,,,li,Dumping waste in common areas or parking areas is strictly prohibited.
8,,,,li,"Waste removal charges, along with applicable fines, will be charged to the respective flat."
8,,,,li,"Spitting is prohibited — a fine of ₹1,000 will be imposed."
8,,,,li,Disposing of diapers or sanitary napkins via the flush is prohibited.
8,,,,note-red,"All violators shall be fined ₹1,000."
9,Children & Minor Safety,children minor safety lift pool play area tot lot supervision parent guardian,,li,**Lifts** — children below 8 years must be accompanied by a parent or guardian.
9,,,,li,**Swimming pool** — children below 12 must be with a parent or guardian; non-swimmers must be accompanied by a competent adult.
9,,,,li,**Play area** — ensure fair usage and equal opportunity for others; adherence to designated timings is mandatory.
9,,,,li,"**Tot-lots and parks** — cycling, skating and playing with hard balls are strictly prohibited."
10,Noise & Quiet Hours,noise quiet hours music decorum 10 pm carpentry,,li,"Loud noise, music or gatherings should be avoided after **10:00 PM**."
10,,,,li,Swimming pool — maintain silence and decorum; no music or disturbance.
10,,,,li,Indoor games — do not disturb other users or create excessive noise.
10,,,,li,Gym — keep volume on the shared music system moderate.
10,,,,li,Corridors and common areas — maintain cleanliness and proper decorum at all times.
10,,,,li,Carpentry and in-house works only between 9:00 AM and 7:00 PM.
7.4,Move-In / Move-Out Process,move in move out shifting proforma noc gate pass luggage vehicle east driveway 1000,,li,Give prior information to the Maintenance Manager before moving in or out.
7.4,,,,li,Produce the signed proforma by both owner and tenant before moving in.
7.4,,,,li,Shifting is permitted only between **7:00 AM and 6:00 PM**.
7.4,,,,li,"**₹1,000** is charged each for move-in and move-out (applicable to tenants)."
7.4,,,,li,Move-out requires an NOC from the Maintenance Manager with owner confirmation for gate pass issuance.
7.4,,,,li,The luggage vehicle must be parked so it does not inconvenience residents — only in designated areas on the East side driveway.
1.4,Suggestions & Support,suggestion box support complaint office weekend committee,,li,A suggestion box is available at the reception. Residents are encouraged to submit suggestions or complaints.
1.4,,,,li,Contact the society office for maintenance support during working hours.
1.4,,,,li,"In emergencies, contact any Committee Member."
1.4,,,,li,Committee Members may be available at the office on weekends.
