group,icon,name,number,note
Emergency,🚨,All emergencies,112,"One national number for police, fire and ambulance."
Emergency,👮,Police,100,"Theft, trespass, public nuisance or any unsafe situation."
Emergency,🔥,Fire,101,Also call the Security ASO so the gate can be opened immediately.
Emergency,🚑,Ambulance,108,Free government ambulance service across Telangana.
Emergency,🛢,LPG gas leak,1906,Do not switch anything on or off. Open the windows and leave.
Society,🛠,Maintenance Manager,97042 85706,"All maintenance requests, 9:00 AM – 6:30 PM."
Society,🛡,Security ASO,90304 93579,"Night assistance, gate issues and emergency coordination."
Utility,⚡,Electricity complaints,1912,Power failure and metering complaints (TGSPDCL).
Support,👪,Childline,1098,Round-the-clock help for a child in distress.
Support,👩,Women’s helpline,181,Round-the-clock support and assistance for women.
