title,category,details
Amphitheater,Community spaces,"An open-air stage for gatherings, cultural evenings and religious events."
"Kids' play area, badminton & cricket box",Sports & recreation,"A dedicated play zone for children, with a badminton court and a box cricket area."
Gate 5 opened,Access & parking,"A new exit gate for the community, easing the load on the existing gates."
Ganesha Temple,Community spaces,"Built and maintained by the community, with the anniversary celebrated every year."
Security cabins at Gate 1 & Gate 5,Safety & security,"Proper manned cabins, so guards are stationed and sheltered at both gates."
Clear parking demarcation,Access & parking,"Every bay marked out in hot paint, so allotted parking is unambiguous."
Association office,Community spaces,"A permanent office for the Association, its records and resident walk-ins."
Yoga room,Sports & recreation,A quiet indoor room set aside for yoga and fitness sessions.
Lit walkways through the gardens,Grounds & landscaping,"Elevated walkways through the planted areas, lit for safe use after dark."
Kitchen area renovated,Community spaces,The common kitchen refitted for use during functions and celebrations.
Clean & dry driveways,Grounds & landscaping,The garden pipes were concealed to keep the driveway dry and neat.
Fire extinguishers installed,Safety & security,Extinguishers fitted across the blocks and the common areas.
Storerooms at multiple locations,Buildings & utilities,Secure storage added at several points for equipment and society material.
Swimming pool renovated,Sports & recreation,The pool refurbished and brought back into regular use.
Solar fencing restored,Safety & security,The perimeter solar fence repaired and made live again.
Cellar water leakage resolved,Buildings & utilities,Most of the water leakage issues in the cellars have been resolved.
