title,file,caption
Add the website to your phone,poster-add-to-home.png,"Add this website to your phone’s home screen and it opens like an app. iPhone: open it in Safari, tap Share, then Add to Home Screen. Android: open it in Chrome, tap the menu, then Add to Home screen. It then works with no signal, opens full screen, keeps every helpline two taps away, and stays up to date on its own."
Balcony safety & cleanliness,poster-balcony.jpg,"Balcony safety & cleanliness — keep your balcony clean and contained, and never throw water, dust, cigarette butts or waste from balconies"
Corridors must be kept clean & clear,poster-corridors.jpg,"Corridors must be kept clean & clear — no footwear, cycles, furniture or storage in the common corridors. Keep the passage tidy and unobstructed for everyone."
Parking rules,poster-parking.jpg,"Park within your own allotted slot and inside the markings. No-parking zones and fire lanes are strictly enforced — vehicles are locked and fined Rs 200 a day for two-wheelers and Rs 500 for four-wheelers. No waste or storage in parking areas, and cycles belong in flat parking only."
Security at the main gate,poster-gate-security.jpg,Residents: affix the society sticker and register your vehicle for automatic access. Guests and non-registered vehicles must use Gate 1 for entry checks. Do not misuse the entry and exit lanes — Gates 3 and 5 are planned for exit only.
Swimming pool usage rules,poster-pool.jpg,Proper swimwear is mandatory. Children must be supervised by an adult at all times. No food or glass items near the pool. The pool is for registered residents only — guests are not allowed.
Gym guidelines,poster-gym.jpg,"Under-14s are not allowed in the gym. Do not drop weights or misuse equipment — place them gently and re-rack after use. Limit sessions to 30 minutes during peak hours so everyone gets a chance, and keep the shared audio at a moderate volume."
Residents’ behaviour towards support staff,poster-staff-behaviour.jpg,"Treat all support staff with dignity and courtesy — a smile and kind words go a long way. Do not be rude, dismissive or abusive towards support staff; mistreating them creates an unhealthy environment and is serious misconduct."
Resident & support staff interaction,poster-staff-interaction.jpg,"Support staff are valued members of our society’s ecosystem and courteous interaction is expected at all times. They may not be engaged for private work inside flats beyond their defined scope. Verbal abuse, intimidation or disrespectful behaviour is strictly unacceptable — report any misconduct to the Maintenance Manager or Core Committee."
Save water — use it judiciously,poster-savewater.png,"Boond boond se banta hai kal ka savera. Close taps when not in use, use a bucket instead of a shower, run full loads in washing machines, report leaks promptly, and water plants in the morning or evening."
