icon,title,note,link
₹,Pay Maintenance,"Quarterly, via NoBrokerhood only. Due by the 15th of the first month of the quarter.",#nbh
📅,Book Clubhouse / Guest Room,"First-come, first-served. Contact the Maintenance Manager.",#book
⏰,Amenity Timings,"Pool, gym, indoor games, clubhouse sessions and quiet hours.",#timings
🔧,Report an Issue,"Check what support staff cover, then call the Maintenance Manager.",#scope
📦,Moving In / Out,"8-step checklist, timings, charges and NOC process.",#onboarding
⚖,Fines & Penalties,Consolidated penalty schedule as approved in the GBM.,#fees
📜,Resolutions,Decisions passed by the committee and in General Body Meetings.,#resolutions
📂,Minutes & Notices,"Meeting minutes, circulars and important notices in one place.",#records
👥,Who Do I Contact?,Committee responsibilities and the escalation matrix.,#committee
📄,Forms & Downloads,"Guidelines PDF, move-in proforma, NOC request and more.",#downloads
