key,value
society_short_name,Shweta Shubham
society_name,Shweta Shubham Flat Owners Cooperative Maintenance Society Ltd
hero_title,"A safe, clean and harmonious place to call home."
hero_lede,"Everything residents and tenants of Shweta Shubham need in one place — society guidelines, amenity timings, committee contacts, maintenance payments and the new-resident checklist."
manager_name,Maintenance Manager
manager_phone,97042 85706
manager_hours,9:00 AM – 6:30 PM
security_name,Security ASO
security_phone,90304 93579
security_hours,Nights & emergencies
footer_note,Guidelines v1.0 · Prepared by SSMAC · Approved in the April GBM
