activity,timings,notes
**Maintenance Manager**,9:00 AM – 6:30 PM,All maintenance requests during these hours
**Security ASO** (backup),6:30 PM – 9:00 AM,Night assistance and emergency coordination
**Swimming Pool**,"7:00 AM – 12:00 PM
3:00 PM – 9:00 PM",Monday closed for maintenance
**Gym**,"5:00 AM – 12:00 PM
5:00 PM – 9:00 PM",Age below 14 not allowed
**Indoor Games**,"8:00 AM – 12:00 PM
5:00 PM – 9:00 PM",Register entry before use
**Clubhouse — Morning**,7:00 AM – 3:00 PM,Bookable session
**Clubhouse — Evening**,4:00 PM – 11:00 PM,Bookable session
**Shifting / Move-In / Move-Out**,7:00 AM – 6:00 PM,Inform Maintenance Manager in advance
**Carpentry / In-House Works**,9:00 AM – 7:00 PM,Strictly within these hours only
**Quiet Hours**,After 10:00 PM,"No loud noise, music or gatherings"
